rank,uid,title,year,venue,url,problem_claimed,actual_mechanism,hidden_assumptions,variables_treated_as_fixed,failure_modes_ignored,what_it_makes_less_novel,what_it_leaves_open
1,arxiv:2506.22827v3,Hierarchical Vision-Language Planning for Multi-Step Humanoid Manipulation,2025,arXiv,http://arxiv.org/abs/2506.22827v3,Addresses humanoid contact planning or a neighboring robotics mechanism.,"Prior work usually predicts, ranks, filters, or imitates observed behavior rather than preserving unrealized branches.",The observed outcome is enough to supervise the model.,"Contact mode support, embodiment limits, and deployment perturbations.","Branch collapse, hidden-mode shift, and tail-risk planning failures.",Generic world models and generic uncertainty are crowded.,Humanoid contact budgeting keeps action-critical alternatives explicit until a physical observation collapses them.
2,arxiv:2501.02116v2,"Humanoid Locomotion and Manipulation: Current Progress and Challenges in Control, Planning, and Learning",2025,arXiv,http://arxiv.org/abs/2501.02116v2,Addresses humanoid contact planning or a neighboring robotics mechanism.,"Prior work usually predicts, ranks, filters, or imitates observed behavior rather than preserving unrealized branches.",The observed outcome is enough to supervise the model.,"Contact mode support, embodiment limits, and deployment perturbations.","Branch collapse, hidden-mode shift, and tail-risk planning failures.",Generic world models and generic uncertainty are crowded.,Humanoid contact budgeting keeps action-critical alternatives explicit until a physical observation collapses them.
3,arxiv:2512.01946v3,Scaling Cross-Environment Failure Reasoning Data for Vision-Language Robotic Manipulation,2025,arXiv,http://arxiv.org/abs/2512.01946v3,Addresses humanoid contact planning or a neighboring robotics mechanism.,"Prior work usually predicts, ranks, filters, or imitates observed behavior rather than preserving unrealized branches.",The observed outcome is enough to supervise the model.,"Contact mode support, embodiment limits, and deployment perturbations.","Branch collapse, hidden-mode shift, and tail-risk planning failures.",Generic world models and generic uncertainty are crowded.,Humanoid contact budgeting keeps action-critical alternatives explicit until a physical observation collapses them.
4,arxiv:2407.03705v2,Distilling Contact Planning for Fast Trajectory Optimization in Robot Air Hockey,2024,arXiv,http://arxiv.org/abs/2407.03705v2,Addresses humanoid contact planning or a neighboring robotics mechanism.,"Prior work usually predicts, ranks, filters, or imitates observed behavior rather than preserving unrealized branches.",The observed outcome is enough to supervise the model.,"Contact mode support, embodiment limits, and deployment perturbations.","Branch collapse, hidden-mode shift, and tail-risk planning failures.",Generic world models and generic uncertainty are crowded.,Humanoid contact budgeting keeps action-critical alternatives explicit until a physical observation collapses them.
5,doi:10.1109/iros.2014.6943014,Posture and balance control for humanoid robots in multi-contact scenarios based on Model Predictive Control,2014,,https://doi.org/10.1109/iros.2014.6943014,Addresses humanoid contact planning or a neighboring robotics mechanism.,"Prior work usually predicts, ranks, filters, or imitates observed behavior rather than preserving unrealized branches.",The observed outcome is enough to supervise the model.,"Contact mode support, embodiment limits, and deployment perturbations.","Branch collapse, hidden-mode shift, and tail-risk planning failures.",Generic world models and generic uncertainty are crowded.,Humanoid contact budgeting keeps action-critical alternatives explicit until a physical observation collapses them.
6,doi:10.46242/jstiuh.v36i03.4078,BALANCE MOTION PLANNING FOR HUMANOID ROBOT BASED ON 3D INVERTED PENDULUM MODEL,2022,Journal of Science and Technology - IUH,https://doi.org/10.46242/jstiuh.v36i03.4078,Addresses humanoid contact planning or a neighboring robotics mechanism.,"Prior work usually predicts, ranks, filters, or imitates observed behavior rather than preserving unrealized branches.",The observed outcome is enough to supervise the model.,"Contact mode support, embodiment limits, and deployment perturbations.","Branch collapse, hidden-mode shift, and tail-risk planning failures.",Generic world models and generic uncertainty are crowded.,Humanoid contact budgeting keeps action-critical alternatives explicit until a physical observation collapses them.
7,arxiv:2503.06060v1,STAR: A Foundation Model-driven Framework for Robust Task Planning and Failure Recovery in Robotic Systems,2025,arXiv,http://arxiv.org/abs/2503.06060v1,Addresses humanoid contact planning or a neighboring robotics mechanism.,"Prior work usually predicts, ranks, filters, or imitates observed behavior rather than preserving unrealized branches.",The observed outcome is enough to supervise the model.,"Contact mode support, embodiment limits, and deployment perturbations.","Branch collapse, hidden-mode shift, and tail-risk planning failures.",Generic world models and generic uncertainty are crowded.,Humanoid contact budgeting keeps action-critical alternatives explicit until a physical observation collapses them.
8,doi:10.1142/s2972335325500073,STAR: A Foundation Model-Driven Framework for Robust Task Planning and Failure Recovery in Robotic Systems,2025,International Journal of Artificial Intelligence and Robotics Research,https://doi.org/10.1142/s2972335325500073,Addresses humanoid contact planning or a neighboring robotics mechanism.,"Prior work usually predicts, ranks, filters, or imitates observed behavior rather than preserving unrealized branches.",The observed outcome is enough to supervise the model.,"Contact mode support, embodiment limits, and deployment perturbations.","Branch collapse, hidden-mode shift, and tail-risk planning failures.",Generic world models and generic uncertainty are crowded.,Humanoid contact budgeting keeps action-critical alternatives explicit until a physical observation collapses them.
9,doi:10.1007/s10846-024-02117-z,Humanoid Robot Motion Planning Approaches: a Survey,2024,Journal of Intelligent & Robotic Systems,https://doi.org/10.1007/s10846-024-02117-z,Addresses humanoid contact planning or a neighboring robotics mechanism.,"Prior work usually predicts, ranks, filters, or imitates observed behavior rather than preserving unrealized branches.",The observed outcome is enough to supervise the model.,"Contact mode support, embodiment limits, and deployment perturbations.","Branch collapse, hidden-mode shift, and tail-risk planning failures.",Generic world models and generic uncertainty are crowded.,Humanoid contact budgeting keeps action-critical alternatives explicit until a physical observation collapses them.
10,arxiv:2601.07821v1,Failure-Aware RL: Reliable Offline-to-Online Reinforcement Learning with Self-Recovery for Real-World Manipulation,2026,arXiv,http://arxiv.org/abs/2601.07821v1,Addresses humanoid contact planning or a neighboring robotics mechanism.,"Prior work usually predicts, ranks, filters, or imitates observed behavior rather than preserving unrealized branches.",The observed outcome is enough to supervise the model.,"Contact mode support, embodiment limits, and deployment perturbations.","Branch collapse, hidden-mode shift, and tail-risk planning failures.",Generic world models and generic uncertainty are crowded.,Humanoid contact budgeting keeps action-critical alternatives explicit until a physical observation collapses them.
11,arxiv:2406.06005v2,WoCoCo: Learning Whole-Body Humanoid Control with Sequential Contacts,2024,arXiv,http://arxiv.org/abs/2406.06005v2,Addresses humanoid contact planning or a neighboring robotics mechanism.,"Prior work usually predicts, ranks, filters, or imitates observed behavior rather than preserving unrealized branches.",The observed outcome is enough to supervise the model.,"Contact mode support, embodiment limits, and deployment perturbations.","Branch collapse, hidden-mode shift, and tail-risk planning failures.",Generic world models and generic uncertainty are crowded.,Humanoid contact budgeting keeps action-critical alternatives explicit until a physical observation collapses them.
12,doi:10.1177/02783649221120029,"Constraint-consistent task-oriented whole-body robot formulation: Task, posture, constraints, multiple contacts, and balance",2022,The International Journal of Robotics Research,https://doi.org/10.1177/02783649221120029,Addresses humanoid contact planning or a neighboring robotics mechanism.,"Prior work usually predicts, ranks, filters, or imitates observed behavior rather than preserving unrealized branches.",The observed outcome is enough to supervise the model.,"Contact mode support, embodiment limits, and deployment perturbations.","Branch collapse, hidden-mode shift, and tail-risk planning failures.",Generic world models and generic uncertainty are crowded.,Humanoid contact budgeting keeps action-critical alternatives explicit until a physical observation collapses them.
13,doi:10.1609/aaai.v40i8.37577,TCoT: Trajectory Chain-of-Thoughts for Robotic Manipulation with Failure Recovery in Vision-Language-Action Model,2026,Proceedings of the AAAI Conference on Artificial Intelligence,https://doi.org/10.1609/aaai.v40i8.37577,Addresses humanoid contact planning or a neighboring robotics mechanism.,"Prior work usually predicts, ranks, filters, or imitates observed behavior rather than preserving unrealized branches.",The observed outcome is enough to supervise the model.,"Contact mode support, embodiment limits, and deployment perturbations.","Branch collapse, hidden-mode shift, and tail-risk planning failures.",Generic world models and generic uncertainty are crowded.,Humanoid contact budgeting keeps action-critical alternatives explicit until a physical observation collapses them.
14,doi:10.1109/icra.2015.7139995,Whole-body pushing manipulation with contact posture planning of large and heavy object for humanoid robot,2015,2015 IEEE International Conference on Robotics and Automation (ICRA),https://doi.org/10.1109/icra.2015.7139995,Addresses humanoid contact planning or a neighboring robotics mechanism.,"Prior work usually predicts, ranks, filters, or imitates observed behavior rather than preserving unrealized branches.",The observed outcome is enough to supervise the model.,"Contact mode support, embodiment limits, and deployment perturbations.","Branch collapse, hidden-mode shift, and tail-risk planning failures.",Generic world models and generic uncertainty are crowded.,Humanoid contact budgeting keeps action-critical alternatives explicit until a physical observation collapses them.
15,doi:10.1109/lra.2018.2854958,Sequence-to-Sequence Model for Trajectory Planning of Nonprehensile Manipulation Including Contact Model,2018,IEEE Robotics and Automation Letters,https://doi.org/10.1109/lra.2018.2854958,Addresses humanoid contact planning or a neighboring robotics mechanism.,"Prior work usually predicts, ranks, filters, or imitates observed behavior rather than preserving unrealized branches.",The observed outcome is enough to supervise the model.,"Contact mode support, embodiment limits, and deployment perturbations.","Branch collapse, hidden-mode shift, and tail-risk planning failures.",Generic world models and generic uncertainty are crowded.,Humanoid contact budgeting keeps action-critical alternatives explicit until a physical observation collapses them.
16,doi:10.1080/01691864.2016.1266965,Global planning of whole-body manipulation by humanoid robot based on transition graph of object motion and contact switching,2017,Advanced Robotics,https://doi.org/10.1080/01691864.2016.1266965,Addresses humanoid contact planning or a neighboring robotics mechanism.,"Prior work usually predicts, ranks, filters, or imitates observed behavior rather than preserving unrealized branches.",The observed outcome is enough to supervise the model.,"Contact mode support, embodiment limits, and deployment perturbations.","Branch collapse, hidden-mode shift, and tail-risk planning failures.",Generic world models and generic uncertainty are crowded.,Humanoid contact budgeting keeps action-critical alternatives explicit until a physical observation collapses them.
17,doi:10.1016/j.robot.2013.01.008,Planning contact points for humanoid robots,2013,Robotics and Autonomous Systems,https://doi.org/10.1016/j.robot.2013.01.008,Addresses humanoid contact planning or a neighboring robotics mechanism.,"Prior work usually predicts, ranks, filters, or imitates observed behavior rather than preserving unrealized branches.",The observed outcome is enough to supervise the model.,"Contact mode support, embodiment limits, and deployment perturbations.","Branch collapse, hidden-mode shift, and tail-risk planning failures.",Generic world models and generic uncertainty are crowded.,Humanoid contact budgeting keeps action-critical alternatives explicit until a physical observation collapses them.
18,doi:10.1109/iros.2017.8202227,Multi-contact balancing of humanoid robots in confined spaces: Utilizing knee contacts,2017,,https://doi.org/10.1109/iros.2017.8202227,Addresses humanoid contact planning or a neighboring robotics mechanism.,"Prior work usually predicts, ranks, filters, or imitates observed behavior rather than preserving unrealized branches.",The observed outcome is enough to supervise the model.,"Contact mode support, embodiment limits, and deployment perturbations.","Branch collapse, hidden-mode shift, and tail-risk planning failures.",Generic world models and generic uncertainty are crowded.,Humanoid contact budgeting keeps action-critical alternatives explicit until a physical observation collapses them.
19,arxiv:2605.27972v1,Simultaneous Contact Selection and Planning for Contact-Rich Manipulation with Cascaded Optimization,2026,arXiv,http://arxiv.org/abs/2605.27972v1,Addresses humanoid contact planning or a neighboring robotics mechanism.,"Prior work usually predicts, ranks, filters, or imitates observed behavior rather than preserving unrealized branches.",The observed outcome is enough to supervise the model.,"Contact mode support, embodiment limits, and deployment perturbations.","Branch collapse, hidden-mode shift, and tail-risk planning failures.",Generic world models and generic uncertainty are crowded.,Humanoid contact budgeting keeps action-critical alternatives explicit until a physical observation collapses them.
20,arxiv:2508.14099v1,Task and Motion Planning for Humanoid Loco-manipulation,2025,arXiv,http://arxiv.org/abs/2508.14099v1,Addresses humanoid contact planning or a neighboring robotics mechanism.,"Prior work usually predicts, ranks, filters, or imitates observed behavior rather than preserving unrealized branches.",The observed outcome is enough to supervise the model.,"Contact mode support, embodiment limits, and deployment perturbations.","Branch collapse, hidden-mode shift, and tail-risk planning failures.",Generic world models and generic uncertainty are crowded.,Humanoid contact budgeting keeps action-critical alternatives explicit until a physical observation collapses them.
21,arxiv:2412.02676v2,Planning-Guided Diffusion Policy Learning for Generalizable Contact-Rich Bimanual Manipulation,2024,arXiv,http://arxiv.org/abs/2412.02676v2,Addresses humanoid contact planning or a neighboring robotics mechanism.,"Prior work usually predicts, ranks, filters, or imitates observed behavior rather than preserving unrealized branches.",The observed outcome is enough to supervise the model.,"Contact mode support, embodiment limits, and deployment perturbations.","Branch collapse, hidden-mode shift, and tail-risk planning failures.",Generic world models and generic uncertainty are crowded.,Humanoid contact budgeting keeps action-critical alternatives explicit until a physical observation collapses them.
22,doi:10.54254/2755-2721/2025.gl25269,Control Strategies for Embodied Humanoid Robots: Reinforcement Learning vs. Multi-Contact Planning,2025,Applied and Computational Engineering,https://doi.org/10.54254/2755-2721/2025.gl25269,Addresses humanoid contact planning or a neighboring robotics mechanism.,"Prior work usually predicts, ranks, filters, or imitates observed behavior rather than preserving unrealized branches.",The observed outcome is enough to supervise the model.,"Contact mode support, embodiment limits, and deployment perturbations.","Branch collapse, hidden-mode shift, and tail-risk planning failures.",Generic world models and generic uncertainty are crowded.,Humanoid contact budgeting keeps action-critical alternatives explicit until a physical observation collapses them.
23,doi:10.1177/0278364910386985,Randomized multi-modal motion planning for a humanoid robot manipulation task,2011,The International Journal of Robotics Research,https://doi.org/10.1177/0278364910386985,Addresses humanoid contact planning or a neighboring robotics mechanism.,"Prior work usually predicts, ranks, filters, or imitates observed behavior rather than preserving unrealized branches.",The observed outcome is enough to supervise the model.,"Contact mode support, embodiment limits, and deployment perturbations.","Branch collapse, hidden-mode shift, and tail-risk planning failures.",Generic world models and generic uncertainty are crowded.,Humanoid contact budgeting keeps action-critical alternatives explicit until a physical observation collapses them.
24,arxiv:2504.19341v1,PolyTouch: A Robust Multi-Modal Tactile Sensor for Contact-rich Manipulation Using Tactile-Diffusion Policies,2025,arXiv,http://arxiv.org/abs/2504.19341v1,Addresses humanoid contact planning or a neighboring robotics mechanism.,"Prior work usually predicts, ranks, filters, or imitates observed behavior rather than preserving unrealized branches.",The observed outcome is enough to supervise the model.,"Contact mode support, embodiment limits, and deployment perturbations.","Branch collapse, hidden-mode shift, and tail-risk planning failures.",Generic world models and generic uncertainty are crowded.,Humanoid contact budgeting keeps action-critical alternatives explicit until a physical observation collapses them.
25,arxiv:2011.01552v2,Efficient Sampling of Transition Constraints for Motion Planning under Sliding Contacts,2020,arXiv,http://arxiv.org/abs/2011.01552v2,Addresses humanoid contact planning or a neighboring robotics mechanism.,"Prior work usually predicts, ranks, filters, or imitates observed behavior rather than preserving unrealized branches.",The observed outcome is enough to supervise the model.,"Contact mode support, embodiment limits, and deployment perturbations.","Branch collapse, hidden-mode shift, and tail-risk planning failures.",Generic world models and generic uncertainty are crowded.,Humanoid contact budgeting keeps action-critical alternatives explicit until a physical observation collapses them.
26,arxiv:2606.09630v1,ReCoVLA: VLM-Guided Reward Compilation for Failure Recovery in Vision-Language-Action Policies,2026,arXiv,http://arxiv.org/abs/2606.09630v1,Addresses humanoid contact planning or a neighboring robotics mechanism.,"Prior work usually predicts, ranks, filters, or imitates observed behavior rather than preserving unrealized branches.",The observed outcome is enough to supervise the model.,"Contact mode support, embodiment limits, and deployment perturbations.","Branch collapse, hidden-mode shift, and tail-risk planning failures.",Generic world models and generic uncertainty are crowded.,Humanoid contact budgeting keeps action-critical alternatives explicit until a physical observation collapses them.
27,doi:10.1109/iros.2006.282154,Planning support contact-points for humanoid robots and experiments on HRP-2,2006,,https://doi.org/10.1109/iros.2006.282154,Addresses humanoid contact planning or a neighboring robotics mechanism.,"Prior work usually predicts, ranks, filters, or imitates observed behavior rather than preserving unrealized branches.",The observed outcome is enough to supervise the model.,"Contact mode support, embodiment limits, and deployment perturbations.","Branch collapse, hidden-mode shift, and tail-risk planning failures.",Generic world models and generic uncertainty are crowded.,Humanoid contact budgeting keeps action-critical alternatives explicit until a physical observation collapses them.
28,arxiv:2209.08662v2,Multi-contact MPC for Dynamic Loco-manipulation on Humanoid Robots,2022,arXiv,http://arxiv.org/abs/2209.08662v2,Addresses humanoid contact planning or a neighboring robotics mechanism.,"Prior work usually predicts, ranks, filters, or imitates observed behavior rather than preserving unrealized branches.",The observed outcome is enough to supervise the model.,"Contact mode support, embodiment limits, and deployment perturbations.","Branch collapse, hidden-mode shift, and tail-risk planning failures.",Generic world models and generic uncertainty are crowded.,Humanoid contact budgeting keeps action-critical alternatives explicit until a physical observation collapses them.
29,arxiv:2605.27724v1,HumanoidMimicGen: Data Generation for Loco-Manipulation via Whole-Body Planning,2026,arXiv,http://arxiv.org/abs/2605.27724v1,Addresses humanoid contact planning or a neighboring robotics mechanism.,"Prior work usually predicts, ranks, filters, or imitates observed behavior rather than preserving unrealized branches.",The observed outcome is enough to supervise the model.,"Contact mode support, embodiment limits, and deployment perturbations.","Branch collapse, hidden-mode shift, and tail-risk planning failures.",Generic world models and generic uncertainty are crowded.,Humanoid contact budgeting keeps action-critical alternatives explicit until a physical observation collapses them.
30,doi:10.1609/icaps.v20i1.13436,Combined Task and Motion Planning for Mobile Manipulation,2010,Proceedings of the International Conference on Automated Planning and Scheduling,https://doi.org/10.1609/icaps.v20i1.13436,Addresses humanoid contact planning or a neighboring robotics mechanism.,"Prior work usually predicts, ranks, filters, or imitates observed behavior rather than preserving unrealized branches.",The observed outcome is enough to supervise the model.,"Contact mode support, embodiment limits, and deployment perturbations.","Branch collapse, hidden-mode shift, and tail-risk planning failures.",Generic world models and generic uncertainty are crowded.,Humanoid contact budgeting keeps action-critical alternatives explicit until a physical observation collapses them.
31,doi:10.54254/2755-2721/2026.34075,Adaptive Instance-Wise Budget Allocation for Sampling-Based Motion Planning,2026,Applied and Computational Engineering,https://doi.org/10.54254/2755-2721/2026.34075,Addresses humanoid contact planning or a neighboring robotics mechanism.,"Prior work usually predicts, ranks, filters, or imitates observed behavior rather than preserving unrealized branches.",The observed outcome is enough to supervise the model.,"Contact mode support, embodiment limits, and deployment perturbations.","Branch collapse, hidden-mode shift, and tail-risk planning failures.",Generic world models and generic uncertainty are crowded.,Humanoid contact budgeting keeps action-critical alternatives explicit until a physical observation collapses them.
32,arxiv:2011.07132v2,Region-Based Planning for 3D Within-Hand-Manipulation via Variable Friction Robot Fingers and Extrinsic Contacts,2020,arXiv,http://arxiv.org/abs/2011.07132v2,Addresses humanoid contact planning or a neighboring robotics mechanism.,"Prior work usually predicts, ranks, filters, or imitates observed behavior rather than preserving unrealized branches.",The observed outcome is enough to supervise the model.,"Contact mode support, embodiment limits, and deployment perturbations.","Branch collapse, hidden-mode shift, and tail-risk planning failures.",Generic world models and generic uncertainty are crowded.,Humanoid contact budgeting keeps action-critical alternatives explicit until a physical observation collapses them.
33,arxiv:2502.08378v2,Learning Humanoid Standing-up Control across Diverse Postures,2025,arXiv,http://arxiv.org/abs/2502.08378v2,Addresses humanoid contact planning or a neighboring robotics mechanism.,"Prior work usually predicts, ranks, filters, or imitates observed behavior rather than preserving unrealized branches.",The observed outcome is enough to supervise the model.,"Contact mode support, embodiment limits, and deployment perturbations.","Branch collapse, hidden-mode shift, and tail-risk planning failures.",Generic world models and generic uncertainty are crowded.,Humanoid contact budgeting keeps action-critical alternatives explicit until a physical observation collapses them.
34,arxiv:2603.03279v1,ULTRA: Unified Multimodal Control for Autonomous Humanoid Whole-Body Loco-Manipulation,2026,arXiv,http://arxiv.org/abs/2603.03279v1,Addresses humanoid contact planning or a neighboring robotics mechanism.,"Prior work usually predicts, ranks, filters, or imitates observed behavior rather than preserving unrealized branches.",The observed outcome is enough to supervise the model.,"Contact mode support, embodiment limits, and deployment perturbations.","Branch collapse, hidden-mode shift, and tail-risk planning failures.",Generic world models and generic uncertainty are crowded.,Humanoid contact budgeting keeps action-critical alternatives explicit until a physical observation collapses them.
35,doi:10.1109/mmm.2024.3378609,Planning Without a Budget? Budgeting Without a Plan? [MicroBusiness],2024,IEEE Microwave Magazine,https://doi.org/10.1109/mmm.2024.3378609,Addresses humanoid contact planning or a neighboring robotics mechanism.,"Prior work usually predicts, ranks, filters, or imitates observed behavior rather than preserving unrealized branches.",The observed outcome is enough to supervise the model.,"Contact mode support, embodiment limits, and deployment perturbations.","Branch collapse, hidden-mode shift, and tail-risk planning failures.",Generic world models and generic uncertainty are crowded.,Humanoid contact budgeting keeps action-critical alternatives explicit until a physical observation collapses them.
36,doi:10.3390/biomimetics9100599,A Fast Grasp Planning Algorithm for Humanoid Robot Hands,2024,Biomimetics,https://doi.org/10.3390/biomimetics9100599,Addresses humanoid contact planning or a neighboring robotics mechanism.,"Prior work usually predicts, ranks, filters, or imitates observed behavior rather than preserving unrealized branches.",The observed outcome is enough to supervise the model.,"Contact mode support, embodiment limits, and deployment perturbations.","Branch collapse, hidden-mode shift, and tail-risk planning failures.",Generic world models and generic uncertainty are crowded.,Humanoid contact budgeting keeps action-critical alternatives explicit until a physical observation collapses them.
37,doi:10.1108/ir-08-2015-0157,Motion planning for humanoid robot dynamically stepping over consecutive large obstacles,2016,Industrial Robot: An International Journal,https://doi.org/10.1108/ir-08-2015-0157,Addresses humanoid contact planning or a neighboring robotics mechanism.,"Prior work usually predicts, ranks, filters, or imitates observed behavior rather than preserving unrealized branches.",The observed outcome is enough to supervise the model.,"Contact mode support, embodiment limits, and deployment perturbations.","Branch collapse, hidden-mode shift, and tail-risk planning failures.",Generic world models and generic uncertainty are crowded.,Humanoid contact budgeting keeps action-critical alternatives explicit until a physical observation collapses them.
38,arxiv:2506.00351v2,Recasting Classical Motion Planning for Contact-Rich Manipulation,2025,arXiv,http://arxiv.org/abs/2506.00351v2,Addresses humanoid contact planning or a neighboring robotics mechanism.,"Prior work usually predicts, ranks, filters, or imitates observed behavior rather than preserving unrealized branches.",The observed outcome is enough to supervise the model.,"Contact mode support, embodiment limits, and deployment perturbations.","Branch collapse, hidden-mode shift, and tail-risk planning failures.",Generic world models and generic uncertainty are crowded.,Humanoid contact budgeting keeps action-critical alternatives explicit until a physical observation collapses them.
39,arxiv:2509.11839v3,TrajBooster: Boosting Humanoid Whole-Body Manipulation via Trajectory-Centric Learning,2025,arXiv,http://arxiv.org/abs/2509.11839v3,Addresses humanoid contact planning or a neighboring robotics mechanism.,"Prior work usually predicts, ranks, filters, or imitates observed behavior rather than preserving unrealized branches.",The observed outcome is enough to supervise the model.,"Contact mode support, embodiment limits, and deployment perturbations.","Branch collapse, hidden-mode shift, and tail-risk planning failures.",Generic world models and generic uncertainty are crowded.,Humanoid contact budgeting keeps action-critical alternatives explicit until a physical observation collapses them.
40,doi:10.3390/sym18030394,PI-VLA: Adaptive Symmetry-Aware Decision-Making for Long-Horizon Vision–Language–Action Manipulation,2026,Symmetry,https://doi.org/10.3390/sym18030394,Addresses humanoid contact planning or a neighboring robotics mechanism.,"Prior work usually predicts, ranks, filters, or imitates observed behavior rather than preserving unrealized branches.",The observed outcome is enough to supervise the model.,"Contact mode support, embodiment limits, and deployment perturbations.","Branch collapse, hidden-mode shift, and tail-risk planning failures.",Generic world models and generic uncertainty are crowded.,Humanoid contact budgeting keeps action-critical alternatives explicit until a physical observation collapses them.
41,doi:10.1016/j.robot.2023.104448,Multi-contact planning and control for humanoid robots: Design and validation of a complete framework,2023,Robotics and Autonomous Systems,https://doi.org/10.1016/j.robot.2023.104448,Addresses humanoid contact planning or a neighboring robotics mechanism.,"Prior work usually predicts, ranks, filters, or imitates observed behavior rather than preserving unrealized branches.",The observed outcome is enough to supervise the model.,"Contact mode support, embodiment limits, and deployment perturbations.","Branch collapse, hidden-mode shift, and tail-risk planning failures.",Generic world models and generic uncertainty are crowded.,Humanoid contact budgeting keeps action-critical alternatives explicit until a physical observation collapses them.
42,doi:10.7210/jrsj.35.393,Contact-motion Planning Integrating Multiple Contact Transition Strategies and its Application to Slide Contact Motion for Humanoid Robot,2017,Journal of the Robotics Society of Japan,https://doi.org/10.7210/jrsj.35.393,Addresses humanoid contact planning or a neighboring robotics mechanism.,"Prior work usually predicts, ranks, filters, or imitates observed behavior rather than preserving unrealized branches.",The observed outcome is enough to supervise the model.,"Contact mode support, embodiment limits, and deployment perturbations.","Branch collapse, hidden-mode shift, and tail-risk planning failures.",Generic world models and generic uncertainty are crowded.,Humanoid contact budgeting keeps action-critical alternatives explicit until a physical observation collapses them.
43,doi:10.3390/robotics14060082,Humanoid Motion Generation in Complex 3D Environments,2025,Robotics,https://doi.org/10.3390/robotics14060082,Addresses humanoid contact planning or a neighboring robotics mechanism.,"Prior work usually predicts, ranks, filters, or imitates observed behavior rather than preserving unrealized branches.",The observed outcome is enough to supervise the model.,"Contact mode support, embodiment limits, and deployment perturbations.","Branch collapse, hidden-mode shift, and tail-risk planning failures.",Generic world models and generic uncertainty are crowded.,Humanoid contact budgeting keeps action-critical alternatives explicit until a physical observation collapses them.
44,doi:10.1109/robot.2008.4543696,Robust balance optimization control of humanoid robots with multiple non coplanar grasps and frictional contacts,2008,,https://doi.org/10.1109/robot.2008.4543696,Addresses humanoid contact planning or a neighboring robotics mechanism.,"Prior work usually predicts, ranks, filters, or imitates observed behavior rather than preserving unrealized branches.",The observed outcome is enough to supervise the model.,"Contact mode support, embodiment limits, and deployment perturbations.","Branch collapse, hidden-mode shift, and tail-risk planning failures.",Generic world models and generic uncertainty are crowded.,Humanoid contact budgeting keeps action-critical alternatives explicit until a physical observation collapses them.
45,arxiv:2506.16555v1,An Optimization-Augmented Control Framework for Single and Coordinated Multi-Arm Robotic Manipulation,2025,arXiv,http://arxiv.org/abs/2506.16555v1,Addresses humanoid contact planning or a neighboring robotics mechanism.,"Prior work usually predicts, ranks, filters, or imitates observed behavior rather than preserving unrealized branches.",The observed outcome is enough to supervise the model.,"Contact mode support, embodiment limits, and deployment perturbations.","Branch collapse, hidden-mode shift, and tail-risk planning failures.",Generic world models and generic uncertainty are crowded.,Humanoid contact budgeting keeps action-critical alternatives explicit until a physical observation collapses them.
46,doi:10.54254/2755-2721/2025.ast27134,Integrating Motion Planning in Vision Language Action Agents,2025,Applied and Computational Engineering,https://doi.org/10.54254/2755-2721/2025.ast27134,Addresses humanoid contact planning or a neighboring robotics mechanism.,"Prior work usually predicts, ranks, filters, or imitates observed behavior rather than preserving unrealized branches.",The observed outcome is enough to supervise the model.,"Contact mode support, embodiment limits, and deployment perturbations.","Branch collapse, hidden-mode shift, and tail-risk planning failures.",Generic world models and generic uncertainty are crowded.,Humanoid contact budgeting keeps action-critical alternatives explicit until a physical observation collapses them.
47,doi:10.3390/electronics13061044,Dynamic Affect-Based Motion Planning of a Humanoid Robot for Human-Robot Collaborative Assembly in Manufacturing,2024,Electronics,https://doi.org/10.3390/electronics13061044,Addresses humanoid contact planning or a neighboring robotics mechanism.,"Prior work usually predicts, ranks, filters, or imitates observed behavior rather than preserving unrealized branches.",The observed outcome is enough to supervise the model.,"Contact mode support, embodiment limits, and deployment perturbations.","Branch collapse, hidden-mode shift, and tail-risk planning failures.",Generic world models and generic uncertainty are crowded.,Humanoid contact budgeting keeps action-critical alternatives explicit until a physical observation collapses them.
48,arxiv:2509.13534v1,Embracing Bulky Objects with Humanoid Robots: Whole-Body Manipulation with Reinforcement Learning,2025,arXiv,http://arxiv.org/abs/2509.13534v1,Addresses humanoid contact planning or a neighboring robotics mechanism.,"Prior work usually predicts, ranks, filters, or imitates observed behavior rather than preserving unrealized branches.",The observed outcome is enough to supervise the model.,"Contact mode support, embodiment limits, and deployment perturbations.","Branch collapse, hidden-mode shift, and tail-risk planning failures.",Generic world models and generic uncertainty are crowded.,Humanoid contact budgeting keeps action-critical alternatives explicit until a physical observation collapses them.
49,doi:10.1109/iros.2009.5353971,Contact planning for acyclic motion with task constraints and experiment on HRP-2 humanoid,2009,2009 IEEE/RSJ International Conference on Intelligent Robots and Systems,https://doi.org/10.1109/iros.2009.5353971,Addresses humanoid contact planning or a neighboring robotics mechanism.,"Prior work usually predicts, ranks, filters, or imitates observed behavior rather than preserving unrealized branches.",The observed outcome is enough to supervise the model.,"Contact mode support, embodiment limits, and deployment perturbations.","Branch collapse, hidden-mode shift, and tail-risk planning failures.",Generic world models and generic uncertainty are crowded.,Humanoid contact budgeting keeps action-critical alternatives explicit until a physical observation collapses them.
50,doi:10.1109/robot.2001.932631,Motion planning for humanoid robots under obstacle and dynamic balance constraints,2002,,https://doi.org/10.1109/robot.2001.932631,Addresses humanoid contact planning or a neighboring robotics mechanism.,"Prior work usually predicts, ranks, filters, or imitates observed behavior rather than preserving unrealized branches.",The observed outcome is enough to supervise the model.,"Contact mode support, embodiment limits, and deployment perturbations.","Branch collapse, hidden-mode shift, and tail-risk planning failures.",Generic world models and generic uncertainty are crowded.,Humanoid contact budgeting keeps action-critical alternatives explicit until a physical observation collapses them.
51,doi:10.1088/1742-6596/1905/1/012016,Motion Planning for a Bounding Quadruped Robot Using iLQG Based MPC,2021,Journal of Physics: Conference Series,https://doi.org/10.1088/1742-6596/1905/1/012016,Addresses humanoid contact planning or a neighboring robotics mechanism.,"Prior work usually predicts, ranks, filters, or imitates observed behavior rather than preserving unrealized branches.",The observed outcome is enough to supervise the model.,"Contact mode support, embodiment limits, and deployment perturbations.","Branch collapse, hidden-mode shift, and tail-risk planning failures.",Generic world models and generic uncertainty are crowded.,Humanoid contact budgeting keeps action-critical alternatives explicit until a physical observation collapses them.
52,arxiv:2412.09743v3,Should We Learn Contact-Rich Manipulation Policies from Sampling-Based Planners?,2024,arXiv,http://arxiv.org/abs/2412.09743v3,Addresses humanoid contact planning or a neighboring robotics mechanism.,"Prior work usually predicts, ranks, filters, or imitates observed behavior rather than preserving unrealized branches.",The observed outcome is enough to supervise the model.,"Contact mode support, embodiment limits, and deployment perturbations.","Branch collapse, hidden-mode shift, and tail-risk planning failures.",Generic world models and generic uncertainty are crowded.,Humanoid contact budgeting keeps action-critical alternatives explicit until a physical observation collapses them.
53,doi:10.1609/aaai.v40i47.41353,Data-Efficient and Contact-Rich Manipulation Through Diffusion Augmentation and Vision-Language Models,2026,Proceedings of the AAAI Conference on Artificial Intelligence,https://doi.org/10.1609/aaai.v40i47.41353,Addresses humanoid contact planning or a neighboring robotics mechanism.,"Prior work usually predicts, ranks, filters, or imitates observed behavior rather than preserving unrealized branches.",The observed outcome is enough to supervise the model.,"Contact mode support, embodiment limits, and deployment perturbations.","Branch collapse, hidden-mode shift, and tail-risk planning failures.",Generic world models and generic uncertainty are crowded.,Humanoid contact budgeting keeps action-critical alternatives explicit until a physical observation collapses them.
54,doi:10.1108/ria-02-2023-0018,Implicit contact-rich manipulation planning for a manipulator with insufficient payload,2023,Robotic Intelligence and Automation,https://doi.org/10.1108/ria-02-2023-0018,Addresses humanoid contact planning or a neighboring robotics mechanism.,"Prior work usually predicts, ranks, filters, or imitates observed behavior rather than preserving unrealized branches.",The observed outcome is enough to supervise the model.,"Contact mode support, embodiment limits, and deployment perturbations.","Branch collapse, hidden-mode shift, and tail-risk planning failures.",Generic world models and generic uncertainty are crowded.,Humanoid contact budgeting keeps action-critical alternatives explicit until a physical observation collapses them.
55,arxiv:2402.01617v1,A GP-based Robust Motion Planning Framework for Agile Autonomous Robot Navigation and Recovery in Unknown Environments,2024,arXiv,http://arxiv.org/abs/2402.01617v1,Addresses humanoid contact planning or a neighboring robotics mechanism.,"Prior work usually predicts, ranks, filters, or imitates observed behavior rather than preserving unrealized branches.",The observed outcome is enough to supervise the model.,"Contact mode support, embodiment limits, and deployment perturbations.","Branch collapse, hidden-mode shift, and tail-risk planning failures.",Generic world models and generic uncertainty are crowded.,Humanoid contact budgeting keeps action-critical alternatives explicit until a physical observation collapses them.
56,doi:10.1109/icra.2015.7140082,Contact-consistent elastic strips for multi-contact locomotion planning of humanoid robots,2015,2015 IEEE International Conference on Robotics and Automation (ICRA),https://doi.org/10.1109/icra.2015.7140082,Addresses humanoid contact planning or a neighboring robotics mechanism.,"Prior work usually predicts, ranks, filters, or imitates observed behavior rather than preserving unrealized branches.",The observed outcome is enough to supervise the model.,"Contact mode support, embodiment limits, and deployment perturbations.","Branch collapse, hidden-mode shift, and tail-risk planning failures.",Generic world models and generic uncertainty are crowded.,Humanoid contact budgeting keeps action-critical alternatives explicit until a physical observation collapses them.
57,arxiv:2510.25725v2,A Humanoid Visual-Tactile-Action Dataset for Contact-Rich Manipulation,2025,arXiv,http://arxiv.org/abs/2510.25725v2,Addresses humanoid contact planning or a neighboring robotics mechanism.,"Prior work usually predicts, ranks, filters, or imitates observed behavior rather than preserving unrealized branches.",The observed outcome is enough to supervise the model.,"Contact mode support, embodiment limits, and deployment perturbations.","Branch collapse, hidden-mode shift, and tail-risk planning failures.",Generic world models and generic uncertainty are crowded.,Humanoid contact budgeting keeps action-critical alternatives explicit until a physical observation collapses them.
58,arxiv:2603.15169v1,ForceVLA2: Unleashing Hybrid Force-Position Control with Force Awareness for Contact-Rich Manipulation,2026,arXiv,http://arxiv.org/abs/2603.15169v1,Addresses humanoid contact planning or a neighboring robotics mechanism.,"Prior work usually predicts, ranks, filters, or imitates observed behavior rather than preserving unrealized branches.",The observed outcome is enough to supervise the model.,"Contact mode support, embodiment limits, and deployment perturbations.","Branch collapse, hidden-mode shift, and tail-risk planning failures.",Generic world models and generic uncertainty are crowded.,Humanoid contact budgeting keeps action-critical alternatives explicit until a physical observation collapses them.
59,arxiv:2606.03297v1,SplitAdapter: Load-Aware Humanoid Loco-Manipulation via Factorized Adaptation,2026,arXiv,http://arxiv.org/abs/2606.03297v1,Addresses humanoid contact planning or a neighboring robotics mechanism.,"Prior work usually predicts, ranks, filters, or imitates observed behavior rather than preserving unrealized branches.",The observed outcome is enough to supervise the model.,"Contact mode support, embodiment limits, and deployment perturbations.","Branch collapse, hidden-mode shift, and tail-risk planning failures.",Generic world models and generic uncertainty are crowded.,Humanoid contact budgeting keeps action-critical alternatives explicit until a physical observation collapses them.
60,arxiv:2011.08177v1,A Long Horizon Planning Framework for Manipulating Rigid Pointcloud Objects,2020,arXiv,http://arxiv.org/abs/2011.08177v1,Addresses humanoid contact planning or a neighboring robotics mechanism.,"Prior work usually predicts, ranks, filters, or imitates observed behavior rather than preserving unrealized branches.",The observed outcome is enough to supervise the model.,"Contact mode support, embodiment limits, and deployment perturbations.","Branch collapse, hidden-mode shift, and tail-risk planning failures.",Generic world models and generic uncertainty are crowded.,Humanoid contact budgeting keeps action-critical alternatives explicit until a physical observation collapses them.
61,doi:10.1007/s10514-015-9479-3,"Optimization-based locomotion planning, estimation, and control design for the atlas humanoid robot",2016,Autonomous Robots,https://doi.org/10.1007/s10514-015-9479-3,Addresses humanoid contact planning or a neighboring robotics mechanism.,"Prior work usually predicts, ranks, filters, or imitates observed behavior rather than preserving unrealized branches.",The observed outcome is enough to supervise the model.,"Contact mode support, embodiment limits, and deployment perturbations.","Branch collapse, hidden-mode shift, and tail-risk planning failures.",Generic world models and generic uncertainty are crowded.,Humanoid contact budgeting keeps action-critical alternatives explicit until a physical observation collapses them.
62,doi:10.5772/acrt.20250014,MTU-LLM: LLM-based Multi-Robot Task Allocation and Path Planning for Heterogeneous Robots in Search and Rescue Operations,2025,"AI, Computer Science and Robotics Technology",https://doi.org/10.5772/acrt.20250014,Addresses humanoid contact planning or a neighboring robotics mechanism.,"Prior work usually predicts, ranks, filters, or imitates observed behavior rather than preserving unrealized branches.",The observed outcome is enough to supervise the model.,"Contact mode support, embodiment limits, and deployment perturbations.","Branch collapse, hidden-mode shift, and tail-risk planning failures.",Generic world models and generic uncertainty are crowded.,Humanoid contact budgeting keeps action-critical alternatives explicit until a physical observation collapses them.
63,doi:10.1109/icra46639.2022.9811872,Contact Mode Guided Motion Planning for Quasidynamic Dexterous Manipulation in 3D,2022,2022 International Conference on Robotics and Automation (ICRA),https://doi.org/10.1109/icra46639.2022.9811872,Addresses humanoid contact planning or a neighboring robotics mechanism.,"Prior work usually predicts, ranks, filters, or imitates observed behavior rather than preserving unrealized branches.",The observed outcome is enough to supervise the model.,"Contact mode support, embodiment limits, and deployment perturbations.","Branch collapse, hidden-mode shift, and tail-risk planning failures.",Generic world models and generic uncertainty are crowded.,Humanoid contact budgeting keeps action-critical alternatives explicit until a physical observation collapses them.
64,doi:10.1016/j.cirp.2022.04.048,On deformable object handling: Model-based motion planning for human-robot co-manipulation,2022,CIRP Annals,https://doi.org/10.1016/j.cirp.2022.04.048,Addresses humanoid contact planning or a neighboring robotics mechanism.,"Prior work usually predicts, ranks, filters, or imitates observed behavior rather than preserving unrealized branches.",The observed outcome is enough to supervise the model.,"Contact mode support, embodiment limits, and deployment perturbations.","Branch collapse, hidden-mode shift, and tail-risk planning failures.",Generic world models and generic uncertainty are crowded.,Humanoid contact budgeting keeps action-critical alternatives explicit until a physical observation collapses them.
65,doi:10.1299/jsmermd.2025.1p1-h06,Fast whole-body contact planning for humanoid with contactability-based environmental and body contact searches 接触可能性を用いた環境接触点探索とリンク表面接触点探索に基づくヒューマノイドの高速な全身接触動作計画,2025,The Proceedings of JSME annual Conference on Robotics and Mechatronics (Robomec),https://doi.org/10.1299/jsmermd.2025.1p1-h06,Addresses humanoid contact planning or a neighboring robotics mechanism.,"Prior work usually predicts, ranks, filters, or imitates observed behavior rather than preserving unrealized branches.",The observed outcome is enough to supervise the model.,"Contact mode support, embodiment limits, and deployment perturbations.","Branch collapse, hidden-mode shift, and tail-risk planning failures.",Generic world models and generic uncertainty are crowded.,Humanoid contact budgeting keeps action-critical alternatives explicit until a physical observation collapses them.
66,doi:10.1109/icra46639.2022.9811878,Humanoid Arm Motion Planning for Improved Disturbance Recovery Using Model Hierarchy Predictive Control,2022,2022 International Conference on Robotics and Automation (ICRA),https://doi.org/10.1109/icra46639.2022.9811878,Addresses humanoid contact planning or a neighboring robotics mechanism.,"Prior work usually predicts, ranks, filters, or imitates observed behavior rather than preserving unrealized branches.",The observed outcome is enough to supervise the model.,"Contact mode support, embodiment limits, and deployment perturbations.","Branch collapse, hidden-mode shift, and tail-risk planning failures.",Generic world models and generic uncertainty are crowded.,Humanoid contact budgeting keeps action-critical alternatives explicit until a physical observation collapses them.
67,arxiv:2509.13780v1,Behavior Foundation Model for Humanoid Robots,2025,arXiv,http://arxiv.org/abs/2509.13780v1,Addresses humanoid contact planning or a neighboring robotics mechanism.,"Prior work usually predicts, ranks, filters, or imitates observed behavior rather than preserving unrealized branches.",The observed outcome is enough to supervise the model.,"Contact mode support, embodiment limits, and deployment perturbations.","Branch collapse, hidden-mode shift, and tail-risk planning failures.",Generic world models and generic uncertainty are crowded.,Humanoid contact budgeting keeps action-critical alternatives explicit until a physical observation collapses them.
68,arxiv:2605.30280v2,"Qwen-VLA: Unifying Vision-Language-Action Modeling across Tasks, Environments, and Robot Embodiments",2026,arXiv,http://arxiv.org/abs/2605.30280v2,Addresses humanoid contact planning or a neighboring robotics mechanism.,"Prior work usually predicts, ranks, filters, or imitates observed behavior rather than preserving unrealized branches.",The observed outcome is enough to supervise the model.,"Contact mode support, embodiment limits, and deployment perturbations.","Branch collapse, hidden-mode shift, and tail-risk planning failures.",Generic world models and generic uncertainty are crowded.,Humanoid contact budgeting keeps action-critical alternatives explicit until a physical observation collapses them.
69,arxiv:2310.04822v2,Combining Sampling- and Gradient-based Planning for Contact-rich Manipulation,2023,arXiv,http://arxiv.org/abs/2310.04822v2,Addresses humanoid contact planning or a neighboring robotics mechanism.,"Prior work usually predicts, ranks, filters, or imitates observed behavior rather than preserving unrealized branches.",The observed outcome is enough to supervise the model.,"Contact mode support, embodiment limits, and deployment perturbations.","Branch collapse, hidden-mode shift, and tail-risk planning failures.",Generic world models and generic uncertainty are crowded.,Humanoid contact budgeting keeps action-critical alternatives explicit until a physical observation collapses them.
70,doi:10.5772/50918,State Generation Method for Humanoid Motion Planning Based on Genetic Algorithm,2012,International Journal of Advanced Robotic Systems,https://doi.org/10.5772/50918,Addresses humanoid contact planning or a neighboring robotics mechanism.,"Prior work usually predicts, ranks, filters, or imitates observed behavior rather than preserving unrealized branches.",The observed outcome is enough to supervise the model.,"Contact mode support, embodiment limits, and deployment perturbations.","Branch collapse, hidden-mode shift, and tail-risk planning failures.",Generic world models and generic uncertainty are crowded.,Humanoid contact budgeting keeps action-critical alternatives explicit until a physical observation collapses them.
71,doi:10.1109/tro.2023.3300230,Global Planning for Contact-Rich Manipulation via Local Smoothing of Quasi-Dynamic Contact Models,2023,IEEE Transactions on Robotics,https://doi.org/10.1109/tro.2023.3300230,Addresses humanoid contact planning or a neighboring robotics mechanism.,"Prior work usually predicts, ranks, filters, or imitates observed behavior rather than preserving unrealized branches.",The observed outcome is enough to supervise the model.,"Contact mode support, embodiment limits, and deployment perturbations.","Branch collapse, hidden-mode shift, and tail-risk planning failures.",Generic world models and generic uncertainty are crowded.,Humanoid contact budgeting keeps action-critical alternatives explicit until a physical observation collapses them.
72,doi:10.1109/humanoids43949.2019.9034998,Manipulation Planning Using Environmental Contacts to Keep Objects Stable under External Forces,2019,2019 IEEE-RAS 19th International Conference on Humanoid Robots (Humanoids),https://doi.org/10.1109/humanoids43949.2019.9034998,Addresses humanoid contact planning or a neighboring robotics mechanism.,"Prior work usually predicts, ranks, filters, or imitates observed behavior rather than preserving unrealized branches.",The observed outcome is enough to supervise the model.,"Contact mode support, embodiment limits, and deployment perturbations.","Branch collapse, hidden-mode shift, and tail-risk planning failures.",Generic world models and generic uncertainty are crowded.,Humanoid contact budgeting keeps action-critical alternatives explicit until a physical observation collapses them.
73,doi:10.1007/978-94-007-6046-2_32,Multi-contact Motion Planning and Control,2019,Humanoid Robotics: A Reference,https://doi.org/10.1007/978-94-007-6046-2_32,Addresses humanoid contact planning or a neighboring robotics mechanism.,"Prior work usually predicts, ranks, filters, or imitates observed behavior rather than preserving unrealized branches.",The observed outcome is enough to supervise the model.,"Contact mode support, embodiment limits, and deployment perturbations.","Branch collapse, hidden-mode shift, and tail-risk planning failures.",Generic world models and generic uncertainty are crowded.,Humanoid contact budgeting keeps action-critical alternatives explicit until a physical observation collapses them.
74,doi:10.3390/plants14050634,Compliant Motion Planning Integrating Human Skill for Robotic Arm Collecting Tomato Bunch Based on Improved DDPG,2025,Plants,https://doi.org/10.3390/plants14050634,Addresses humanoid contact planning or a neighboring robotics mechanism.,"Prior work usually predicts, ranks, filters, or imitates observed behavior rather than preserving unrealized branches.",The observed outcome is enough to supervise the model.,"Contact mode support, embodiment limits, and deployment perturbations.","Branch collapse, hidden-mode shift, and tail-risk planning failures.",Generic world models and generic uncertainty are crowded.,Humanoid contact budgeting keeps action-critical alternatives explicit until a physical observation collapses them.
75,doi:10.1177/02783649251344638,Robust contact-rich manipulation through implicit motor adaptation,2026,The International Journal of Robotics Research,https://doi.org/10.1177/02783649251344638,Addresses humanoid contact planning or a neighboring robotics mechanism.,"Prior work usually predicts, ranks, filters, or imitates observed behavior rather than preserving unrealized branches.",The observed outcome is enough to supervise the model.,"Contact mode support, embodiment limits, and deployment perturbations.","Branch collapse, hidden-mode shift, and tail-risk planning failures.",Generic world models and generic uncertainty are crowded.,Humanoid contact budgeting keeps action-critical alternatives explicit until a physical observation collapses them.
76,doi:10.1142/s0219843624500051,Sampling-Based Global Path Planning Using Convex Polytope Approximation for Narrow Collision-Free Space of Humanoid,2024,International Journal of Humanoid Robotics,https://doi.org/10.1142/s0219843624500051,Addresses humanoid contact planning or a neighboring robotics mechanism.,"Prior work usually predicts, ranks, filters, or imitates observed behavior rather than preserving unrealized branches.",The observed outcome is enough to supervise the model.,"Contact mode support, embodiment limits, and deployment perturbations.","Branch collapse, hidden-mode shift, and tail-risk planning failures.",Generic world models and generic uncertainty are crowded.,Humanoid contact budgeting keeps action-critical alternatives explicit until a physical observation collapses them.
77,doi:10.1115/detc2025-169527,VLAG: Graph-Based Planning for Vision-Language-Action Models in Long Horizon Manipulation Tasks,2025,Volume 3A: 51st Design Automation Conference (DAC),https://doi.org/10.1115/detc2025-169527,Addresses humanoid contact planning or a neighboring robotics mechanism.,"Prior work usually predicts, ranks, filters, or imitates observed behavior rather than preserving unrealized branches.",The observed outcome is enough to supervise the model.,"Contact mode support, embodiment limits, and deployment perturbations.","Branch collapse, hidden-mode shift, and tail-risk planning failures.",Generic world models and generic uncertainty are crowded.,Humanoid contact budgeting keeps action-critical alternatives explicit until a physical observation collapses them.
78,arxiv:2410.00371v1,AHA: A Vision-Language-Model for Detecting and Reasoning Over Failures in Robotic Manipulation,2024,arXiv,http://arxiv.org/abs/2410.00371v1,Addresses humanoid contact planning or a neighboring robotics mechanism.,"Prior work usually predicts, ranks, filters, or imitates observed behavior rather than preserving unrealized branches.",The observed outcome is enough to supervise the model.,"Contact mode support, embodiment limits, and deployment perturbations.","Branch collapse, hidden-mode shift, and tail-risk planning failures.",Generic world models and generic uncertainty are crowded.,Humanoid contact budgeting keeps action-critical alternatives explicit until a physical observation collapses them.
79,arxiv:2409.19924v4,"On The Planning Abilities of OpenAI's o1 Models: Feasibility, Optimality, and Generalizability",2024,arXiv,http://arxiv.org/abs/2409.19924v4,Addresses humanoid contact planning or a neighboring robotics mechanism.,"Prior work usually predicts, ranks, filters, or imitates observed behavior rather than preserving unrealized branches.",The observed outcome is enough to supervise the model.,"Contact mode support, embodiment limits, and deployment perturbations.","Branch collapse, hidden-mode shift, and tail-risk planning failures.",Generic world models and generic uncertainty are crowded.,Humanoid contact budgeting keeps action-critical alternatives explicit until a physical observation collapses them.
80,doi:10.3390/math13213533,Research on Path Planning for Mobile Robot Using the Enhanced Artificial Lemming Algorithm,2025,Mathematics,https://doi.org/10.3390/math13213533,Addresses humanoid contact planning or a neighboring robotics mechanism.,"Prior work usually predicts, ranks, filters, or imitates observed behavior rather than preserving unrealized branches.",The observed outcome is enough to supervise the model.,"Contact mode support, embodiment limits, and deployment perturbations.","Branch collapse, hidden-mode shift, and tail-risk planning failures.",Generic world models and generic uncertainty are crowded.,Humanoid contact budgeting keeps action-critical alternatives explicit until a physical observation collapses them.
81,arxiv:2206.10787v2,Global Planning for Contact-Rich Manipulation via Local Smoothing of Quasi-dynamic Contact Models,2022,arXiv,http://arxiv.org/abs/2206.10787v2,Addresses humanoid contact planning or a neighboring robotics mechanism.,"Prior work usually predicts, ranks, filters, or imitates observed behavior rather than preserving unrealized branches.",The observed outcome is enough to supervise the model.,"Contact mode support, embodiment limits, and deployment perturbations.","Branch collapse, hidden-mode shift, and tail-risk planning failures.",Generic world models and generic uncertainty are crowded.,Humanoid contact budgeting keeps action-critical alternatives explicit until a physical observation collapses them.
82,doi:10.1177/027836402321261959,On Motion Planning for Robotic Manipulation with Permanent Rolling Contacts,2002,The International Journal of Robotics Research,https://doi.org/10.1177/027836402321261959,Addresses humanoid contact planning or a neighboring robotics mechanism.,"Prior work usually predicts, ranks, filters, or imitates observed behavior rather than preserving unrealized branches.",The observed outcome is enough to supervise the model.,"Contact mode support, embodiment limits, and deployment perturbations.","Branch collapse, hidden-mode shift, and tail-risk planning failures.",Generic world models and generic uncertainty are crowded.,Humanoid contact budgeting keeps action-critical alternatives explicit until a physical observation collapses them.
83,arxiv:2606.06139v1,MotionDisco: Motion Discovery for Extreme Humanoid Loco-Manipulation,2026,arXiv,http://arxiv.org/abs/2606.06139v1,Addresses humanoid contact planning or a neighboring robotics mechanism.,"Prior work usually predicts, ranks, filters, or imitates observed behavior rather than preserving unrealized branches.",The observed outcome is enough to supervise the model.,"Contact mode support, embodiment limits, and deployment perturbations.","Branch collapse, hidden-mode shift, and tail-risk planning failures.",Generic world models and generic uncertainty are crowded.,Humanoid contact budgeting keeps action-critical alternatives explicit until a physical observation collapses them.
84,doi:10.1109/icra.2018.8461087,Affordance-Based Multi-Contact Whole-Body Pose Sequence Planning for Humanoid Robots in Unknown Environments,2018,2018 IEEE International Conference on Robotics and Automation (ICRA),https://doi.org/10.1109/icra.2018.8461087,Addresses humanoid contact planning or a neighboring robotics mechanism.,"Prior work usually predicts, ranks, filters, or imitates observed behavior rather than preserving unrealized branches.",The observed outcome is enough to supervise the model.,"Contact mode support, embodiment limits, and deployment perturbations.","Branch collapse, hidden-mode shift, and tail-risk planning failures.",Generic world models and generic uncertainty are crowded.,Humanoid contact budgeting keeps action-critical alternatives explicit until a physical observation collapses them.
85,arxiv:2511.05397v1,EveryDayVLA: A Vision-Language-Action Model for Affordable Robotic Manipulation,2025,arXiv,http://arxiv.org/abs/2511.05397v1,Addresses humanoid contact planning or a neighboring robotics mechanism.,"Prior work usually predicts, ranks, filters, or imitates observed behavior rather than preserving unrealized branches.",The observed outcome is enough to supervise the model.,"Contact mode support, embodiment limits, and deployment perturbations.","Branch collapse, hidden-mode shift, and tail-risk planning failures.",Generic world models and generic uncertainty are crowded.,Humanoid contact budgeting keeps action-critical alternatives explicit until a physical observation collapses them.
86,doi:10.1007/978-1-84996-220-9_6,Multi-contact Acyclic Motion Planning and Experiments on HRP-2 Humanoid,2010,Motion Planning for Humanoid Robots,https://doi.org/10.1007/978-1-84996-220-9_6,Addresses humanoid contact planning or a neighboring robotics mechanism.,"Prior work usually predicts, ranks, filters, or imitates observed behavior rather than preserving unrealized branches.",The observed outcome is enough to supervise the model.,"Contact mode support, embodiment limits, and deployment perturbations.","Branch collapse, hidden-mode shift, and tail-risk planning failures.",Generic world models and generic uncertainty are crowded.,Humanoid contact budgeting keeps action-critical alternatives explicit until a physical observation collapses them.
87,doi:10.1109/humanoids53995.2022.10000158,Fast Multi-Contact Motion Planning Based on Best-Neighbor Search of Contact Sequences,2022,2022 IEEE-RAS 21st International Conference on Humanoid Robots (Humanoids),https://doi.org/10.1109/humanoids53995.2022.10000158,Addresses humanoid contact planning or a neighboring robotics mechanism.,"Prior work usually predicts, ranks, filters, or imitates observed behavior rather than preserving unrealized branches.",The observed outcome is enough to supervise the model.,"Contact mode support, embodiment limits, and deployment perturbations.","Branch collapse, hidden-mode shift, and tail-risk planning failures.",Generic world models and generic uncertainty are crowded.,Humanoid contact budgeting keeps action-critical alternatives explicit until a physical observation collapses them.
88,arxiv:2302.13212v1,Implicit Contact-Rich Manipulation Planning for a Manipulator with Insufficient Payload,2023,arXiv,http://arxiv.org/abs/2302.13212v1,Addresses humanoid contact planning or a neighboring robotics mechanism.,"Prior work usually predicts, ranks, filters, or imitates observed behavior rather than preserving unrealized branches.",The observed outcome is enough to supervise the model.,"Contact mode support, embodiment limits, and deployment perturbations.","Branch collapse, hidden-mode shift, and tail-risk planning failures.",Generic world models and generic uncertainty are crowded.,Humanoid contact budgeting keeps action-critical alternatives explicit until a physical observation collapses them.
89,arxiv:2312.08820v3,How to Raise a Robot -- A Case for Neuro-Symbolic AI in Constrained Task Planning for Humanoid Assistive Robots,2023,arXiv,http://arxiv.org/abs/2312.08820v3,Addresses humanoid contact planning or a neighboring robotics mechanism.,"Prior work usually predicts, ranks, filters, or imitates observed behavior rather than preserving unrealized branches.",The observed outcome is enough to supervise the model.,"Contact mode support, embodiment limits, and deployment perturbations.","Branch collapse, hidden-mode shift, and tail-risk planning failures.",Generic world models and generic uncertainty are crowded.,Humanoid contact budgeting keeps action-critical alternatives explicit until a physical observation collapses them.
90,doi:10.1109/aim55361.2024.10637029,Non-impulsive Contact-Implicit Motion Planning for Morpho-functional Loco-manipulation,2024,2024 IEEE International Conference on Advanced Intelligent Mechatronics (AIM),https://doi.org/10.1109/aim55361.2024.10637029,Addresses humanoid contact planning or a neighboring robotics mechanism.,"Prior work usually predicts, ranks, filters, or imitates observed behavior rather than preserving unrealized branches.",The observed outcome is enough to supervise the model.,"Contact mode support, embodiment limits, and deployment perturbations.","Branch collapse, hidden-mode shift, and tail-risk planning failures.",Generic world models and generic uncertainty are crowded.,Humanoid contact budgeting keeps action-critical alternatives explicit until a physical observation collapses them.
91,arxiv:2310.10625v1,Video Language Planning,2023,arXiv,http://arxiv.org/abs/2310.10625v1,Addresses humanoid contact planning or a neighboring robotics mechanism.,"Prior work usually predicts, ranks, filters, or imitates observed behavior rather than preserving unrealized branches.",The observed outcome is enough to supervise the model.,"Contact mode support, embodiment limits, and deployment perturbations.","Branch collapse, hidden-mode shift, and tail-risk planning failures.",Generic world models and generic uncertainty are crowded.,Humanoid contact budgeting keeps action-critical alternatives explicit until a physical observation collapses them.
92,arxiv:2412.11829v3,Robust Contact-rich Manipulation through Implicit Motor Adaptation,2024,arXiv,http://arxiv.org/abs/2412.11829v3,Addresses humanoid contact planning or a neighboring robotics mechanism.,"Prior work usually predicts, ranks, filters, or imitates observed behavior rather than preserving unrealized branches.",The observed outcome is enough to supervise the model.,"Contact mode support, embodiment limits, and deployment perturbations.","Branch collapse, hidden-mode shift, and tail-risk planning failures.",Generic world models and generic uncertainty are crowded.,Humanoid contact budgeting keeps action-critical alternatives explicit until a physical observation collapses them.
93,doi:10.3390/s24237652,Motion Planning and Control with Environmental Uncertainties for Humanoid Robot,2024,Sensors,https://doi.org/10.3390/s24237652,Addresses humanoid contact planning or a neighboring robotics mechanism.,"Prior work usually predicts, ranks, filters, or imitates observed behavior rather than preserving unrealized branches.",The observed outcome is enough to supervise the model.,"Contact mode support, embodiment limits, and deployment perturbations.","Branch collapse, hidden-mode shift, and tail-risk planning failures.",Generic world models and generic uncertainty are crowded.,Humanoid contact budgeting keeps action-critical alternatives explicit until a physical observation collapses them.
94,doi:10.3390/robotics15010022,Vision-Guided Grasp Planning for Prosthetic Hands with AABB-Based Object Representation,2026,Robotics,https://doi.org/10.3390/robotics15010022,Addresses humanoid contact planning or a neighboring robotics mechanism.,"Prior work usually predicts, ranks, filters, or imitates observed behavior rather than preserving unrealized branches.",The observed outcome is enough to supervise the model.,"Contact mode support, embodiment limits, and deployment perturbations.","Branch collapse, hidden-mode shift, and tail-risk planning failures.",Generic world models and generic uncertainty are crowded.,Humanoid contact budgeting keeps action-critical alternatives explicit until a physical observation collapses them.
95,doi:10.1109/iros.2009.5354625,Humanoid motion planning for dual-arm manipulation and re-grasping tasks,2009,2009 IEEE/RSJ International Conference on Intelligent Robots and Systems,https://doi.org/10.1109/iros.2009.5354625,Addresses humanoid contact planning or a neighboring robotics mechanism.,"Prior work usually predicts, ranks, filters, or imitates observed behavior rather than preserving unrealized branches.",The observed outcome is enough to supervise the model.,"Contact mode support, embodiment limits, and deployment perturbations.","Branch collapse, hidden-mode shift, and tail-risk planning failures.",Generic world models and generic uncertainty are crowded.,Humanoid contact budgeting keeps action-critical alternatives explicit until a physical observation collapses them.
96,doi:10.1109/humanoids65713.2025.11203197,Task and Motion Planning for Humanoid Loco-Manipulation,2025,2025 IEEE-RAS 24th International Conference on Humanoid Robots (Humanoids),https://doi.org/10.1109/humanoids65713.2025.11203197,Addresses humanoid contact planning or a neighboring robotics mechanism.,"Prior work usually predicts, ranks, filters, or imitates observed behavior rather than preserving unrealized branches.",The observed outcome is enough to supervise the model.,"Contact mode support, embodiment limits, and deployment perturbations.","Branch collapse, hidden-mode shift, and tail-risk planning failures.",Generic world models and generic uncertainty are crowded.,Humanoid contact budgeting keeps action-critical alternatives explicit until a physical observation collapses them.
97,doi:10.1109/icra55743.2025.11127605,Reduced-Order Model Guided Contact-Implicit Model Predictive Control for Humanoid Locomotion,2025,2025 IEEE International Conference on Robotics and Automation (ICRA),https://doi.org/10.1109/icra55743.2025.11127605,Addresses humanoid contact planning or a neighboring robotics mechanism.,"Prior work usually predicts, ranks, filters, or imitates observed behavior rather than preserving unrealized branches.",The observed outcome is enough to supervise the model.,"Contact mode support, embodiment limits, and deployment perturbations.","Branch collapse, hidden-mode shift, and tail-risk planning failures.",Generic world models and generic uncertainty are crowded.,Humanoid contact budgeting keeps action-critical alternatives explicit until a physical observation collapses them.
98,doi:10.1111/j.1439-0310.2008.01544.x,Planning and Assessment of Activity Budget Studies Employing Instantaneous Sampling,2008,Ethology,https://doi.org/10.1111/j.1439-0310.2008.01544.x,Addresses humanoid contact planning or a neighboring robotics mechanism.,"Prior work usually predicts, ranks, filters, or imitates observed behavior rather than preserving unrealized branches.",The observed outcome is enough to supervise the model.,"Contact mode support, embodiment limits, and deployment perturbations.","Branch collapse, hidden-mode shift, and tail-risk planning failures.",Generic world models and generic uncertainty are crowded.,Humanoid contact budgeting keeps action-critical alternatives explicit until a physical observation collapses them.
99,arxiv:2602.14434v1,A Soft Wrist with Anisotropic and Selectable Stiffness for Robust Robot Learning in Contact-rich Manipulation,2026,arXiv,http://arxiv.org/abs/2602.14434v1,Addresses humanoid contact planning or a neighboring robotics mechanism.,"Prior work usually predicts, ranks, filters, or imitates observed behavior rather than preserving unrealized branches.",The observed outcome is enough to supervise the model.,"Contact mode support, embodiment limits, and deployment perturbations.","Branch collapse, hidden-mode shift, and tail-risk planning failures.",Generic world models and generic uncertainty are crowded.,Humanoid contact budgeting keeps action-critical alternatives explicit until a physical observation collapses them.
100,arxiv:2505.22159v3,ForceVLA: Enhancing VLA Models with a Force-aware MoE for Contact-rich Manipulation,2025,arXiv,http://arxiv.org/abs/2505.22159v3,Addresses humanoid contact planning or a neighboring robotics mechanism.,"Prior work usually predicts, ranks, filters, or imitates observed behavior rather than preserving unrealized branches.",The observed outcome is enough to supervise the model.,"Contact mode support, embodiment limits, and deployment perturbations.","Branch collapse, hidden-mode shift, and tail-risk planning failures.",Generic world models and generic uncertainty are crowded.,Humanoid contact budgeting keeps action-critical alternatives explicit until a physical observation collapses them.
